,acc,pre,recall,f1,mcc,auc,ap
mean,0.97,0.991,0.9484,0.9694,0.892,0.9956,0.9928
std,0.00158114,0,0.00328634,0.00194936,0.00533854,0.00054772,0.00130384