,acc,pre,recall,f1,mcc,auc,ap
mean,0.996,1,0.9924,0.996,0.9846,0.9988,0.999
std,0.001,0,0.00194936,0.001,0.00427785,0.00044721,0