,acc,pre,recall,f1,mcc,auc,ap
mean,0.9927,1,0.9854,0.9926,0.9855,0.9984,0.9989
std,0.00091509,0,0.00183018,0.00092951,0.00180233,0.00036308,0.0002241